<?xml version="1.0" encoding="UTF-8"?><rss version="2.0"
	xmlns:content="http://purl.org/rss/1.0/modules/content/"
	xmlns:wfw="http://wellformedweb.org/CommentAPI/"
	xmlns:dc="http://purl.org/dc/elements/1.1/"
	xmlns:atom="http://www.w3.org/2005/Atom"
	xmlns:sy="http://purl.org/rss/1.0/modules/syndication/"
	xmlns:slash="http://purl.org/rss/1.0/modules/slash/"
	>

<channel>
	<title>Uncategorized Archivi - Sito di venerdi</title>
	<atom:link href="http://localhost/lunedicopia/product-category/uncategorized/feed/?simply_static_page=229" rel="self" type="application/rss+xml" />
	<link></link>
	<description></description>
	<lastBuildDate>Fri, 03 Mar 2023 16:46:51 +0000</lastBuildDate>
	<language>it-IT</language>
	<sy:updatePeriod>
	hourly	</sy:updatePeriod>
	<sy:updateFrequency>
	1	</sy:updateFrequency>
	<generator>https://wordpress.org/?v=6.1.1</generator>

<image>
	<url>/wp-content/uploads/2017/07/cropped-belinni-favicon-80x80.png</url>
	<title>Uncategorized Archivi - Sito di venerdi</title>
	<link></link>
	<width>32</width>
	<height>32</height>
</image> 
	<item>
		<title>Servizio make-up</title>
		<link>/product/servizio-make-up/?utm_source=rss#038;utm_medium=rss&#038;utm_campaign=servizio-make-up</link>
					<comments>/product/servizio-make-up/#respond</comments>
		
		<dc:creator><![CDATA[Shirley]]></dc:creator>
		<pubDate>Fri, 03 Mar 2023 16:26:38 +0000</pubDate>
				<guid isPermaLink="false">/?post_type=product#038;p=1020</guid>

					<description><![CDATA[<p>Trucco per spose e eventi speciali</p>
<p>L'articolo <a rel="nofollow" href="/product/servizio-make-up/">Servizio make-up</a> proviene da <a rel="nofollow" href="">Sito di venerdi</a>.</p>
]]></description>
										<content:encoded><![CDATA[<p>L'articolo <a rel="nofollow" href="/product/servizio-make-up/">Servizio make-up</a> proviene da <a rel="nofollow" href="">Sito di venerdi</a>.</p>
]]></content:encoded>
					
					<wfw:commentRss>/product/servizio-make-up/feed/</wfw:commentRss>
			<slash:comments>0</slash:comments>
		
		
			</item>
		<item>
		<title>Semipermanente mani</title>
		<link>/product/semipermanente-mani/?utm_source=rss#038;utm_medium=rss&#038;utm_campaign=semipermanente-mani</link>
					<comments>/product/semipermanente-mani/#respond</comments>
		
		<dc:creator><![CDATA[Shirley]]></dc:creator>
		<pubDate>Fri, 03 Mar 2023 16:20:32 +0000</pubDate>
				<guid isPermaLink="false">/?post_type=product#038;p=1017</guid>

					<description><![CDATA[<p>L'articolo <a rel="nofollow" href="/product/semipermanente-mani/">Semipermanente mani</a> proviene da <a rel="nofollow" href="">Sito di venerdi</a>.</p>
]]></description>
										<content:encoded><![CDATA[<p>L'articolo <a rel="nofollow" href="/product/semipermanente-mani/">Semipermanente mani</a> proviene da <a rel="nofollow" href="">Sito di venerdi</a>.</p>
]]></content:encoded>
					
					<wfw:commentRss>/product/semipermanente-mani/feed/</wfw:commentRss>
			<slash:comments>0</slash:comments>
		
		
			</item>
		<item>
		<title>Trattamento antietà</title>
		<link>/product/trattamento-antieta/?utm_source=rss#038;utm_medium=rss&#038;utm_campaign=trattamento-antieta</link>
					<comments>/product/trattamento-antieta/#respond</comments>
		
		<dc:creator><![CDATA[Shirley]]></dc:creator>
		<pubDate>Fri, 03 Mar 2023 16:13:16 +0000</pubDate>
				<guid isPermaLink="false">/?post_type=product#038;p=1009</guid>

					<description><![CDATA[<p>Trattamento di 60 min con luci led micromassaggianti anti età.</p>
<p>L'articolo <a rel="nofollow" href="/product/trattamento-antieta/">Trattamento antietà</a> proviene da <a rel="nofollow" href="">Sito di venerdi</a>.</p>
]]></description>
										<content:encoded><![CDATA[<p>L'articolo <a rel="nofollow" href="/product/trattamento-antieta/">Trattamento antietà</a> proviene da <a rel="nofollow" href="">Sito di venerdi</a>.</p>
]]></content:encoded>
					
					<wfw:commentRss>/product/trattamento-antieta/feed/</wfw:commentRss>
			<slash:comments>0</slash:comments>
		
		
			</item>
		<item>
		<title>Pulizia del viso</title>
		<link>/product/pulizia-del-viso/?utm_source=rss#038;utm_medium=rss&#038;utm_campaign=pulizia-del-viso</link>
					<comments>/product/pulizia-del-viso/#respond</comments>
		
		<dc:creator><![CDATA[Shirley]]></dc:creator>
		<pubDate>Fri, 03 Mar 2023 15:53:45 +0000</pubDate>
				<guid isPermaLink="false">/?post_type=product#038;p=1008</guid>

					<description><![CDATA[<p>Pulizia con ultrasuoni durata 40 min,</p>
<p>L'articolo <a rel="nofollow" href="/product/pulizia-del-viso/">Pulizia del viso</a> proviene da <a rel="nofollow" href="">Sito di venerdi</a>.</p>
]]></description>
										<content:encoded><![CDATA[<p>L'articolo <a rel="nofollow" href="/product/pulizia-del-viso/">Pulizia del viso</a> proviene da <a rel="nofollow" href="">Sito di venerdi</a>.</p>
]]></content:encoded>
					
					<wfw:commentRss>/product/pulizia-del-viso/feed/</wfw:commentRss>
			<slash:comments>0</slash:comments>
		
		
			</item>
	</channel>
</rss>
