<?xml version="1.0" encoding="UTF-8"?><rss version="2.0"
	xmlns:content="http://purl.org/rss/1.0/modules/content/"
	xmlns:dc="http://purl.org/dc/elements/1.1/"
	xmlns:atom="http://www.w3.org/2005/Atom"
	xmlns:sy="http://purl.org/rss/1.0/modules/syndication/"
	
	>
<channel>
	<title>
	Commenti a: Servizio make-up	</title>
	<atom:link href="http://localhost/lunedicopia/product/servizio-make-up/feed/?simply_static_page=221" rel="self" type="application/rss+xml" />
	<link>/product/servizio-make-up/?utm_source=rss#038;utm_medium=rss&#038;utm_campaign=servizio-make-up</link>
	<description></description>
	<lastBuildDate>Fri, 03 Mar 2023 16:46:51 +0000</lastBuildDate>
	<sy:updatePeriod>
	hourly	</sy:updatePeriod>
	<sy:updateFrequency>
	1	</sy:updateFrequency>
	<generator>https://wordpress.org/?v=6.1.1</generator>
</channel>
</rss>
