<?xml version="1.0" encoding="UTF-8"?><rss version="2.0"
	xmlns:content="http://purl.org/rss/1.0/modules/content/"
	xmlns:wfw="http://wellformedweb.org/CommentAPI/"
	xmlns:dc="http://purl.org/dc/elements/1.1/"
	xmlns:atom="http://www.w3.org/2005/Atom"
	xmlns:sy="http://purl.org/rss/1.0/modules/syndication/"
	xmlns:slash="http://purl.org/rss/1.0/modules/slash/"
	>

<channel>
	<title>Trattamento viso Archivi - Sito di venerdi</title>
	<atom:link href="http://localhost/lunedicopia/product-tag/trattamento-viso/feed/?simply_static_page=231" rel="self" type="application/rss+xml" />
	<link></link>
	<description></description>
	<lastBuildDate>Fri, 03 Mar 2023 16:10:34 +0000</lastBuildDate>
	<language>it-IT</language>
	<sy:updatePeriod>
	hourly	</sy:updatePeriod>
	<sy:updateFrequency>
	1	</sy:updateFrequency>
	<generator>https://wordpress.org/?v=6.1.1</generator>

<image>
	<url>/wp-content/uploads/2017/07/cropped-belinni-favicon-80x80.png</url>
	<title>Trattamento viso Archivi - Sito di venerdi</title>
	<link></link>
	<width>32</width>
	<height>32</height>
</image> 
	<item>
		<title>Pulizia del viso</title>
		<link>/product/pulizia-del-viso/?utm_source=rss#038;utm_medium=rss&#038;utm_campaign=pulizia-del-viso</link>
					<comments>/product/pulizia-del-viso/#respond</comments>
		
		<dc:creator><![CDATA[Shirley]]></dc:creator>
		<pubDate>Fri, 03 Mar 2023 15:53:45 +0000</pubDate>
				<guid isPermaLink="false">/?post_type=product#038;p=1008</guid>

					<description><![CDATA[<p>Pulizia con ultrasuoni durata 40 min,</p>
<p>L'articolo <a rel="nofollow" href="/product/pulizia-del-viso/">Pulizia del viso</a> proviene da <a rel="nofollow" href="">Sito di venerdi</a>.</p>
]]></description>
										<content:encoded><![CDATA[<p>L'articolo <a rel="nofollow" href="/product/pulizia-del-viso/">Pulizia del viso</a> proviene da <a rel="nofollow" href="">Sito di venerdi</a>.</p>
]]></content:encoded>
					
					<wfw:commentRss>/product/pulizia-del-viso/feed/</wfw:commentRss>
			<slash:comments>0</slash:comments>
		
		
			</item>
	</channel>
</rss>
