<?xml version="1.0" encoding="UTF-8"?><rss version="2.0"
	xmlns:content="http://purl.org/rss/1.0/modules/content/"
	xmlns:dc="http://purl.org/dc/elements/1.1/"
	xmlns:atom="http://www.w3.org/2005/Atom"
	xmlns:sy="http://purl.org/rss/1.0/modules/syndication/"
	
	>
<channel>
	<title>
	Commenti a: Pulizia del viso	</title>
	<atom:link href="http://localhost/lunedicopia/product/pulizia-del-viso/feed/?simply_static_page=216" rel="self" type="application/rss+xml" />
	<link>/product/pulizia-del-viso/?utm_source=rss#038;utm_medium=rss&#038;utm_campaign=pulizia-del-viso</link>
	<description></description>
	<lastBuildDate>Fri, 03 Mar 2023 16:10:34 +0000</lastBuildDate>
	<sy:updatePeriod>
	hourly	</sy:updatePeriod>
	<sy:updateFrequency>
	1	</sy:updateFrequency>
	<generator>https://wordpress.org/?v=6.1.1</generator>
</channel>
</rss>
